Drug_ID,Alpha_Weight,Interaction_Degree,Manifold_Radius,Hierarchical_Cluster
DB00780,0.4052468,343,5.00679e-06,0
DB00956,0.40473366,311,0.0025358796,0
DB00363,0.399794,312,0.02673477,0
DB01403,0.39299798,284,0.0595423,3
DB00752,0.3876736,359,0.084852576,0
DB00834,0.37389657,379,0.14874119,0
DB00176,0.37136108,264,0.16024727,2
DB00794,0.36709365,307,0.17943609,0
DB08912,0.3613894,286,0.20473933,1
DB00321,0.35957453,236,0.2127068,2
DB00252,0.34577003,443,0.27199674,2
DB00215,0.3429467,288,0.28383696,2
DB09054,0.33822477,265,0.3034225,1
DB00091,0.33693665,243,0.3087182,2
DB00214,0.3355921,209,0.3142243,2
DB00661,0.33456844,260,0.31840152,0
DB00476,0.32533672,231,0.35549712,0
DB01320,0.32364112,300,0.36219776,3
DB00484,0.32306802,279,0.36445457,0
DB00864,0.32293674,276,0.36497092,0
DB01017,0.32002896,211,0.3763553,3
DB01353,0.31915024,147,0.37977535,3
DB06273,0.31883457,226,0.3810017,1
DB00206,0.31863093,166,0.38179213,2
DB00682,0.31862608,337,0.38181096,0
DB00220,0.3172837,323,0.3870089,2
DB00307,0.3172016,238,0.387326,2
DB00470,0.31667805,312,0.38934696,0
DB09053,0.3156954,163,0.39313072,1
DB00418,0.3156292,220,0.3933851,0
DB00237,0.31416166,190,0.3990131,2
DB01609,0.31116068,330,0.4104399,1
DB01072,0.31045967,246,0.4130934,3
DB09048,0.30961028,162,0.41630048,1
DB01254,0.30932754,284,0.41736603,3
DB00653,0.30876607,253,0.41947925,0
DB00898,0.30671257,276,0.42717516,0
DB01238,0.3058453,305,0.4304102,3
DB00193,0.30522996,220,0.43269974,2
DB01418,0.30414903,293,0.43671072,3
DB00007,0.30389872,207,0.4376374,2
DB00715,0.30376592,369,0.43812883,0
DB00582,0.3026219,242,0.44235307,0
DB06779,0.3018842,136,0.44506842,1
DB00440,0.3017293,100,0.44563788,0
DB00648,0.30034956,240,0.4506961,0
DB00932,0.29973832,202,0.45292968,0
DB01167,0.29757407,255,0.4608013,3
DB01351,0.2974573,73,0.46122438,3
DB00557,0.2954024,195,0.46864265,0
DB09073,0.29496372,219,0.47021967,1
DB00503,0.29472703,307,0.47106957,0
DB01224,0.29288563,194,0.4776582,3
DB09034,0.29282922,223,0.47785944,1
DB00501,0.29257643,137,0.47876048,0
DB01242,0.2910952,172,0.48402494,3
DB01142,0.29016086,152,0.48733187,3
DB09063,0.2898685,269,0.48836446,1
DB00450,0.28962633,240,0.489219,0
DB00374,0.28938276,211,0.4900778,2
DB01173,0.28820184,192,0.4942311,3
DB01174,0.2847944,227,0.50611997,3
DB00387,0.28467807,149,0.50652325,2
DB01124,0.2834725,168,0.51069397,3
DB00945,0.28283584,257,0.5128894,3
DB00976,0.28139693,188,0.5178331,3
DB00434,0.28053313,73,0.5207888,0
DB00814,0.28050184,107,0.5208957,0
DB02703,0.27787676,192,0.52982116,1
DB01232,0.27741894,294,0.5313691,3
DB00333,0.27666578,218,0.5339103,2
DB01168,0.27647,118,0.5345696,3
DB01264,0.27577356,268,0.5369116,3
DB09118,0.27528065,255,0.5385655,1
DB00468,0.27498102,209,0.5395695,0
DB01026,0.2747127,261,0.54046756,3
DB01211,0.27458233,240,0.5409037,3
DB00366,0.2741094,201,0.54248375,2
DB00312,0.27400395,192,0.5428357,2
DB00285,0.27351344,174,0.544471,2
DB00393,0.2732225,179,0.5454396,2
DB01021,0.2722816,244,0.54856503,3
DB00422,0.2720157,198,0.5494462,0
DB01045,0.27168876,235,0.55052865,3
DB00862,0.2716031,133,0.550812,0
DB06335,0.27117684,197,0.5522209,1
DB00559,0.2706583,242,0.5539317,0
DB01590,0.27018687,130,0.55548424,3
DB00474,0.26956314,190,0.5575342,0
DB00022,0.26951993,84,0.5576761,2
DB00734,0.2693383,256,0.558272,0
DB09065,0.2692653,224,0.5585115,1
DB00266,0.26876745,259,0.5601425,2
DB00604,0.2678003,48,0.5633024,0
DB00872,0.26758704,211,0.5639976,0
DB01175,0.26737428,154,0.5646907,3
DB00186,0.26709095,201,0.5656128,2
DB09036,0.26611727,217,0.5687741,1
DB08907,0.2640831,174,0.57534146,1
DB00370,0.2635582,199,0.57702786,2
DB01201,0.26328856,164,0.57789296,3
DB01041,0.2626829,204,0.5798326,3
DB05521,0.2625729,225,0.58018446,1
DB01203,0.26247144,175,0.5805088,3
DB00472,0.2620933,185,0.5817167,0
DB06688,0.2605064,131,0.5867666,1
DB00224,0.26029044,216,0.5874514,2
DB04946,0.26009828,94,0.5880604,1
DB01198,0.25949496,84,0.58996916,3
DB00571,0.2576158,117,0.59588623,0
DB00813,0.25725996,173,0.59700185,0
DB00391,0.25589544,166,0.60126555,2
DB00041,0.2558069,165,0.60154146,2
DB00972,0.2551788,212,0.6034958,3
DB00569,0.25449762,127,0.60560983,0
DB00222,0.25245294,158,0.61192155,2
DB06204,0.25171524,216,0.6141863,1
DB00310,0.25066698,101,0.617393,2
DB08895,0.25024045,223,0.61869395,1
DB00687,0.24962473,160,0.6205681,0
DB00458,0.24959002,166,0.6206736,0
DB00196,0.24902289,257,0.6223955,2
DB00903,0.248751,113,0.6232196,0
DB00673,0.24766706,210,0.6264961,0
DB00601,0.24658152,172,0.62976307,0
DB00808,0.24653512,104,0.62990236,0
DB00030,0.24590994,176,0.6317771,2
DB08873,0.24481164,203,0.6350589,1
DB00765,0.24399316,190,0.63749504,0
DB00181,0.24323669,195,0.6397394,2
DB00615,0.24318317,206,0.6398979,0
DB00622,0.24206646,158,0.6431975,0
DB00343,0.24179527,152,0.64399654,2
DB09083,0.24171361,168,0.6442369,1
DB06723,0.24170041,120,0.6442758,1
DB01323,0.24140635,245,0.6451408,3
DB00564,0.24118555,290,0.6457897,0
DB08820,0.24105938,218,0.6461601,1
DB00268,0.24091068,157,0.6465966,2
DB04896,0.24059375,98,0.64752585,1
DB00294,0.23913677,91,0.65178186,2
DB04884,0.23830195,135,0.6542089,1
DB01355,0.23742126,147,0.65676,3
DB01288,0.23715176,83,0.6575389,3
DB05271,0.2370853,146,0.6577307,1
DB08883,0.23603387,195,0.6607598,1
DB01263,0.235586,205,0.662046,3
DB00182,0.23524778,200,0.66301566,2
DB00594,0.2352434,70,0.66302824,0
DB01267,0.2347309,139,0.6644949,3
DB01067,0.23426196,67,0.66583407,3
DB00717,0.23421364,124,0.6659719,0
DB00997,0.23414972,146,0.66615415,3
DB09042,0.23412931,182,0.66621244,1
DB00675,0.2339445,105,0.6667391,0
DB01395,0.23234008,122,0.6712945,3
DB00331,0.23233908,165,0.6712974,2
DB09049,0.23224568,90,0.67156154,1
DB00479,0.23223272,92,0.6715982,0
DB08893,0.23173276,118,0.67301077,1
DB01392,0.23095559,101,0.6752003,3
DB04272,0.23017894,107,0.67738116,1
DB01038,0.23013796,71,0.67749596,3
DB00820,0.22896257,139,0.68078184,0
DB08935,0.2286041,156,0.6817806,1
DB05039,0.2283823,64,0.6823977,1
DB09117,0.22804843,174,0.68332565,1
DB00334,0.22772452,186,0.6842246,2
DB00201,0.22729565,160,0.6854129,2
DB00486,0.22705248,194,0.6860857,0
DB00203,0.226683,91,0.6871065,2
DB06290,0.22667357,254,0.6871325,1
DB00204,0.22577095,217,0.6896193,2
DB06636,0.22549495,101,0.69037765,1
DB01239,0.22522084,71,0.6911299,3
DB00433,0.2250643,131,0.6915592,0
DB00042,0.22423755,98,0.6938211,2
DB01149,0.22388595,215,0.6947804,3
DB00983,0.22373946,89,0.6951797,3
DB00277,0.22358169,187,0.69560945,2
DB09128,0.22334594,157,0.69625103,1
DB09102,0.2233153,81,0.69633436,1
DB09072,0.2232312,183,0.69656307,1
DB04839,0.22253193,101,0.6984611,1
DB00679,0.22236766,179,0.6989062,0
DB00672,0.22233684,196,0.69898957,0
DB00908,0.22231562,146,0.6990471,0
DB00921,0.22174348,226,0.7005941,0
DB00211,0.22089332,123,0.7028855,2
DB00974,0.2206739,115,0.7034755,3
DB01100,0.22037767,212,0.7042711,3
DB00332,0.21973866,143,0.7059836,2
DB01075,0.21925938,75,0.7072648,3
DB00295,0.21885021,184,0.7083563,2
DB00337,0.2185023,160,0.7092828,2
DB01356,0.21823248,163,0.71000034,3
DB00790,0.21804446,123,0.7104999,0
DB00243,0.21786748,149,0.7109697,2
DB00452,0.21750501,67,0.7119306,0
DB00695,0.2173156,114,0.712432,0
DB00625,0.21728268,141,0.71251917,0
DB01576,0.21718444,99,0.71277905,3
DB00270,0.21699512,111,0.7132796,2
DB01118,0.21694972,137,0.7133996,3
DB00420,0.2166113,154,0.714293,0
DB00367,0.21648897,95,0.71461564,2
DB01409,0.2161732,102,0.71544755,3
DB00322,0.21555209,51,0.7170803,2
DB01032,0.21553557,130,0.71712375,3
DB00320,0.21445379,79,0.7199561,2
DB00502,0.21424827,194,0.7204926,0
DB00887,0.21408865,109,0.72090894,0
DB06717,0.21408026,205,0.7209308,1
DB09125,0.2140498,9,0.7210102,1
DB09074,0.21403754,64,0.72104216,1
DB09075,0.21389963,101,0.7214015,1
DB06643,0.21369675,131,0.7219298,1
DB06605,0.21364336,148,0.7220687,1
DB01120,0.21323924,157,0.72311914,3
DB06695,0.21321097,159,0.7231926,1
DB00273,0.21302731,151,0.72366923,2
DB01119,0.21276715,102,0.7243438,3
DB00046,0.21260665,147,0.72475946,2
DB01037,0.21200182,122,0.72632325,3
DB00065,0.21137513,157,0.7279389,2
DB00191,0.2110476,132,0.7287814,2
DB08933,0.21088246,193,0.7292057,1
DB09071,0.2108597,78,0.72926414,1
DB00178,0.21048069,64,0.73023653,2
DB01104,0.21017317,149,0.7310242,3
DB06271,0.21013527,107,0.7311212,1
DB01151,0.20973136,162,0.7321539,3
DB00881,0.20959003,74,0.73251474,0
DB00865,0.20957977,153,0.7325409,0
DB01380,0.20950578,69,0.7327297,3
DB09143,0.20918055,62,0.7335589,1
DB00573,0.20859717,95,0.7350429,0
DB06288,0.20837685,103,0.7356023,1
DB04855,0.20803465,148,0.73647004,1
DB00187,0.20796403,116,0.7366489,2
DB00390,0.2076334,187,0.73748565,2
DB00317,0.20719615,62,0.7385901,2
DB00081,0.2071514,83,0.738703,2
DB01097,0.20695533,148,0.7391974,3
DB04876,0.2069079,112,0.73931694,1
DB01225,0.20687711,136,0.73939455,3
DB01560,0.20686966,107,0.73941326,3
DB00490,0.20658575,128,0.74012804,0
DB09039,0.20654859,108,0.7402216,1
DB00202,0.20643365,59,0.7405106,2
DB06287,0.20642215,94,0.7405395,1
DB00344,0.20617907,150,0.74115026,2
DB09242,0.20580527,106,0.74208796,2
DB01278,0.2056087,103,0.7425804,3
DB06702,0.20550248,105,0.74284625,1
DB00726,0.20527731,171,0.7434095,0
DB00623,0.20514485,138,0.74374056,0
DB01133,0.20435332,25,0.7457142,3
DB00382,0.20429969,142,0.7458477,2
DB01069,0.20407683,114,0.7464019,3
DB00104,0.20383857,150,0.74699366,2
DB00761,0.20378399,93,0.7471292,0
DB00651,0.20370996,64,0.7473128,0
DB00304,0.20368384,75,0.74737763,2
DB00482,0.20352064,96,0.7477823,0
DB01020,0.20333105,49,0.748252,3
DB00563,0.2025517,101,0.75017816,0
DB00540,0.20236799,150,0.7506311,0
DB01050,0.20234588,97,0.7506856,3
DB00697,0.20172934,152,0.7522026,0
DB01656,0.20125559,150,0.7533651,1
DB01600,0.20116608,95,0.75358444,3
DB11133,0.20081142,70,0.7544526,2
DB08899,0.2006854,145,0.7547606,1
DB00762,0.20055282,77,0.7550845,0
DB00425,0.20040172,204,0.75545347,0
DB01306,0.19981445,140,0.75688463,3
DB01354,0.19951536,147,0.7576119,3
DB00315,0.19892228,51,0.7590508,2
DB09272,0.19887528,128,0.75916463,2
DB00254,0.19869204,55,0.75960827,2
DB00543,0.1977244,150,0.761944,0
DB06413,0.1974169,69,0.76268387,1
DB00700,0.19710058,144,0.7634437,0
DB00358,0.19680575,100,0.7641509,2
DB08794,0.19657788,107,0.7646967,1
DB08815,0.1959338,132,0.7662361,1
DB01016,0.19589007,163,0.7663405,3
DB04844,0.1958769,99,0.7663719,1
DB00375,0.19562766,30,0.7669661,2
DB00465,0.19557461,117,0.76709247,0
DB00047,0.19555469,140,0.7671399,2
DB01200,0.19519466,79,0.76799655,3
DB00736,0.19512534,55,0.76816124,0
DB00839,0.19494168,57,0.7685975,0
DB01193,0.19463588,124,0.7693229,3
DB00454,0.19459492,134,0.76941997,0
DB01233,0.19453889,125,0.7695527,3
DB01307,0.1944933,140,0.7696608,3
DB09271,0.19416238,99,0.7704439,2
DB00883,0.19416057,49,0.7704482,0
DB00014,0.19407287,189,0.7706555,2
DB00373,0.19398783,79,0.77085644,2
DB08896,0.19378068,74,0.77134556,1
DB06201,0.19364563,169,0.77166414,1
DB00524,0.19364122,101,0.77167463,0
DB01023,0.19361785,110,0.7717297,3
DB00758,0.1933632,108,0.77232975,0
DB00401,0.19333729,122,0.7723908,2
DB08901,0.19299899,31,0.77318656,1
DB08865,0.19292168,124,0.77336824,1
DB08934,0.19260189,28,0.774119,1
DB00959,0.19246691,92,0.77443546,3
DB00408,0.19233452,148,0.7747457,2
DB01109,0.1920975,165,0.7753005,3
DB00413,0.1915795,148,0.7765107,2
DB00612,0.19117174,93,0.77746105,0
DB06480,0.19095077,49,0.7779752,1
DB01276,0.19065732,35,0.7786571,3
DB00850,0.1903622,138,0.7793418,0
DB00985,0.19033,57,0.77941644,3
DB00371,0.19025843,33,0.7795823,2
DB01558,0.18998292,49,0.7802202,3
DB08976,0.18993539,127,0.7803302,1
DB00875,0.18912712,122,0.7821958,0
DB00619,0.18908246,119,0.7822987,0
DB01601,0.18894938,93,0.782605,3
DB09282,0.1889039,83,0.78270966,2
DB09026,0.18875034,92,0.78306276,1
DB00607,0.18861604,62,0.7833713,0
DB00957,0.1884357,65,0.7837854,3
DB00177,0.18837924,176,0.7839149,2
DB09068,0.18810527,148,0.78454304,1
DB01018,0.18795356,119,0.7848904,3
DB00072,0.18794864,131,0.7849016,2
DB06153,0.18785772,66,0.78510976,1
DB00668,0.18724525,115,0.7865087,0
DB00934,0.18705268,116,0.78694755,3
DB04871,0.18688853,66,0.7873213,1
DB01087,0.18684642,49,0.7874172,3
DB04817,0.18677191,108,0.7875866,1
DB01623,0.18636788,136,0.78850466,1
DB08880,0.18635814,81,0.7885268,1
DB10283,0.18632933,4,0.78859216,2
DB04868,0.18632357,162,0.7886052,1
DB00912,0.18613619,159,0.7890302,0
DB09241,0.1858945,36,0.7895777,2
DB01551,0.1858055,108,0.7897791,3
DB00852,0.1857589,48,0.78988457,0
DB00775,0.18574768,41,0.78990996,0
DB00379,0.18555206,59,0.7903522,2
DB00289,0.18543082,87,0.7906261,2
DB06228,0.18538575,129,0.7907279,1
DB01223,0.18519373,134,0.7911612,3
DB01234,0.18500978,133,0.79157585,3
DB01614,0.18478201,116,0.79208875,1
DB01620,0.18473873,37,0.79218614,1
DB00727,0.18459448,34,0.7925105,0
DB00909,0.18443334,72,0.7928726,0
DB00457,0.18408655,95,0.7936508,0
DB01235,0.18397501,122,0.7939008,3
DB00159,0.18397,69,0.793912,2
DB01377,0.18368517,116,0.7945497,3
DB00949,0.18362816,84,0.7946772,3
DB08910,0.18335226,64,0.7952937,1
DB00216,0.18325931,93,0.79550123,2
DB00199,0.18323962,177,0.7955451,2
DB01365,0.18309417,59,0.7958696,3
DB00871,0.18297295,86,0.79613984,0
DB01076,0.18295366,107,0.79618275,3
DB00991,0.1829133,95,0.7962727,3
DB01074,0.1823569,51,0.79751027,3
DB01579,0.18230678,95,0.7976215,3
DB00897,0.1813616,83,0.79971457,0
DB06207,0.1803923,100,0.8018497,1
DB06696,0.18028274,67,0.80209035,1
DB09290,0.1800919,116,0.8025091,2
DB00346,0.18008332,152,0.80252796,2
DB00031,0.18001662,80,0.8026742,2
DB01291,0.17996567,44,0.8027859,3
DB01068,0.17987916,69,0.8029754,3
DB01357,0.17917344,65,0.80451834,3
DB00657,0.17914906,90,0.80457157,0
DB08897,0.17883445,102,0.8052573,1
DB01398,0.17871355,159,0.80552065,3
DB00477,0.17851287,154,0.8059571,0
DB00381,0.17841889,120,0.8061614,2
DB01082,0.17802459,93,0.8070172,3
DB00497,0.17800127,120,0.80706775,0
DB00705,0.1778888,116,0.8073115,0
DB01255,0.1777271,94,0.80766165,3
DB06704,0.17738152,96,0.80840886,1
DB00859,0.17733309,9,0.80851346,0
DB00930,0.17733073,104,0.8085185,3
DB09220,0.17727686,126,0.8086349,1
DB00561,0.17672877,41,0.80981636,0
DB00686,0.17656223,69,0.81017464,0
DB00227,0.17645562,80,0.8104038,2
DB06148,0.17628951,110,0.8107606,1
DB00514,0.17614138,71,0.8110785,0
DB00860,0.17613351,96,0.81109536,0
DB00975,0.17612056,100,0.81112313,3
DB01577,0.17601176,139,0.8113564,3
DB01367,0.17582302,121,0.8117608,3
DB06603,0.1758179,113,0.81177175,1
DB00741,0.17578895,83,0.81183374,0
DB09076,0.17572272,102,0.8119755,1
DB01309,0.17554988,140,0.81234515,3
DB00541,0.17508769,103,0.813332,0
DB01393,0.1746786,27,0.81420326,3
DB00586,0.17432688,132,0.8149507,0
DB00819,0.1736422,80,0.8164015,0
DB00598,0.1736139,123,0.8164613,0
DB00816,0.17346452,105,0.816777,0
DB01236,0.17324187,46,0.81724703,3
DB01394,0.17298292,84,0.817793,3
DB00745,0.17293192,86,0.8179004,0
DB06616,0.17228603,112,0.8192581,1
DB00831,0.17213084,138,0.8195836,0
DB01319,0.17205091,148,0.81975114,3
DB06237,0.17145158,64,0.8210047,1
DB00078,0.17134793,81,0.82122105,2
DB00689,0.17100751,3,0.8219307,0
DB03880,0.17091374,61,0.822126,1
DB00318,0.17050268,83,0.8229805,2
DB00461,0.17032933,95,0.8233403,0
DB00806,0.17031205,139,0.8233761,0
DB09123,0.16986184,107,0.8243087,1
DB00248,0.16985622,95,0.8243203,2
DB08867,0.1697966,74,0.82444364,1
DB00414,0.16972187,112,0.8245981,2
DB00489,0.16965342,74,0.8247396,0
DB09267,0.16965035,17,0.8247459,2
DB00313,0.16939357,76,0.825276,2
DB01192,0.16929017,70,0.8254893,3
DB00384,0.16908129,116,0.8259197,2
DB00421,0.16907284,89,0.82593703,0
DB04924,0.1690276,85,0.8260302,1
DB00015,0.16902225,80,0.8260412,2
DB00231,0.16891725,41,0.8262572,2
DB00446,0.16877337,38,0.8265531,0
DB00051,0.16872604,22,0.8266504,2
DB09119,0.16872375,52,0.8266551,1
DB00264,0.16869219,113,0.82671994,2
DB00938,0.16850117,125,0.82711214,3
DB00783,0.1684303,95,0.8272575,0
DB06684,0.16824055,165,0.82764655,1
DB09104,0.1675883,77,0.8289803,1
DB01171,0.16744359,141,0.82927555,3
DB09100,0.16731144,15,0.8295449,1
DB00278,0.16708921,52,0.8299974,2
DB00684,0.16650853,92,0.831177,0
DB03793,0.1664004,14,0.83139616,1
DB06711,0.16627035,78,0.8316597,1
DB00475,0.16626324,75,0.83167404,0
DB09280,0.16619372,89,0.83181477,2
DB01359,0.16616505,69,0.83187276,3
DB00924,0.16611728,107,0.83196944,0
DB01166,0.16572449,118,0.83276314,3
DB00884,0.16566347,75,0.8328863,0
DB01219,0.16552773,60,0.83316,3
DB00368,0.16519478,93,0.8338305,2
DB00537,0.16518268,85,0.83385485,0
DB00935,0.16516922,78,0.8338819,3
DB05812,0.16509423,134,0.8340327,1
DB01253,0.16501735,76,0.83418727,3
DB00335,0.16500498,68,0.8342121,2
DB06216,0.16495466,73,0.8343132,1
DB00495,0.16477089,38,0.8346822,0
DB00082,0.16467617,62,0.8348722,2
DB00021,0.16462654,85,0.8349717,2
DB06700,0.16428298,99,0.8356598,1
DB00207,0.1640036,42,0.8362183,2
DB00359,0.16396976,63,0.8362859,2
DB00269,0.16395603,106,0.8363133,2
DB01624,0.16383763,155,0.83654964,1
DB00208,0.16383618,129,0.8365525,2
DB00195,0.16365361,80,0.83691657,2
DB00175,0.16355976,49,0.83710355,2
DB01268,0.16355436,103,0.83711433,3
DB00652,0.16354854,60,0.8371259,0
DB06218,0.16345738,77,0.83730745,1
DB00035,0.163355,89,0.8375112,2
DB00498,0.1626561,107,0.8388986,0
DB00605,0.1624909,95,0.83922565,0
DB01009,0.16246769,96,0.8392716,3
DB00744,0.16215198,6,0.83989567,0
DB01589,0.16185267,50,0.84048617,3
DB00263,0.1617999,113,0.8405901,2
DB01415,0.16170591,19,0.8407753,3
DB00542,0.16154705,64,0.841088,0
DB00798,0.16129765,93,0.84157825,0
DB00350,0.16125351,36,0.84166497,2
DB00436,0.16109133,93,0.8419833,0
DB00996,0.16108483,85,0.8419961,3
DB04938,0.16106676,48,0.8420315,1
DB09300,0.1610564,53,0.8420518,2
DB00863,0.16096155,46,0.84223783,0
DB01184,0.16078198,54,0.8425896,3
DB02901,0.16057067,62,0.8430031,1
DB06772,0.16013198,54,0.8438598,1
DB00882,0.16008976,1,0.8439421,0
DB00731,0.15972848,62,0.8446457,0
DB00180,0.15971881,79,0.84466445,2
DB01240,0.15961285,24,0.8448705,3
DB01229,0.15941319,58,0.84525836,3
DB00691,0.15938888,68,0.84530556,0
DB00955,0.15924545,67,0.84558386,3
DB00946,0.15901947,107,0.8460218,3
DB00029,0.15890017,71,0.84625274,2
DB00377,0.15868816,11,0.84666276,2
DB01621,0.15863445,90,0.84676653,1
DB00708,0.15852898,113,0.8469702,0
DB00284,0.15822957,17,0.8475477,2
DB01463,0.15811129,71,0.8477756,3
DB01137,0.15792125,29,0.84814125,3
DB00927,0.1579036,34,0.8481752,0
DB09035,0.15772699,1,0.8485146,1
DB01181,0.15752947,66,0.84889376,3
DB00904,0.1574439,95,0.8490579,0
DB00185,0.15740746,3,0.84912777,2
DB00916,0.15737869,26,0.84918296,0
DB08877,0.15711665,94,0.8496847,1
DB03619,0.15701409,69,0.84988093,1
DB00054,0.1569748,125,0.84995604,2
DB08882,0.15690757,123,0.85008454,1
DB00873,0.15679158,1,0.8503061,0
DB00388,0.15677384,82,0.85034,2
DB00768,0.15667555,57,0.8505276,0
DB00327,0.15651381,70,0.85083604,2
DB00108,0.15649419,135,0.8508734,2
DB00844,0.156329,60,0.85118806,0
DB00630,0.15623073,25,0.8513751,0
DB00040,0.15622896,88,0.85137844,2
DB06724,0.15614243,125,0.85154307,1
DB06262,0.15599892,12,0.8518158,1
DB01241,0.15566544,51,0.8524487,3
DB09273,0.15564823,63,0.8524813,2
DB01136,0.15558404,124,0.85260296,3
DB00977,0.15552953,65,0.8527062,3
DB00803,0.15551592,18,0.852732,0
DB06212,0.15526396,86,0.8532088,1
DB04911,0.15525745,9,0.8532211,1
DB01088,0.1552506,23,0.8532341,3
DB09211,0.15504405,66,0.85362434,1
DB00325,0.1549406,56,0.8538196,2
DB00606,0.15488201,23,0.8539301,0
DB08881,0.1548784,109,0.853937,1
DB00688,0.154566,53,0.85452557,0
DB04861,0.15431501,107,0.85499763,1
DB00830,0.1542321,59,0.85515344,0
DB09268,0.15414253,96,0.85532165,2
DB00950,0.154139,73,0.85532826,3
DB01128,0.15391818,17,0.85574245,3
DB01215,0.15386595,57,0.8558403,3
DB01285,0.15385257,63,0.8558654,3
DB01014,0.1536695,31,0.8562082,3
DB00316,0.1536348,98,0.8562732,2
DB00712,0.15363094,95,0.8562804,0
DB09214,0.15361184,56,0.85631615,1
DB00280,0.1534689,111,0.85658336,2
DB00710,0.1534512,28,0.8566165,0
DB04910,0.15336911,3,0.85676986,1
DB01195,0.15323488,35,0.85702044,3
DB00714,0.15312576,20,0.857224,0
DB01114,0.152651,90,0.858108,3
DB00281,0.15247408,67,0.8584367,2
DB09030,0.15222703,77,0.85889506,1
DB08827,0.15214954,103,0.8590387,1
DB06283,0.15157615,30,0.86009914,1
DB00906,0.15157537,57,0.86010057,0
DB04953,0.15155584,42,0.8601366,1
DB06761,0.15149975,8,0.8602401,1
DB00628,0.15126961,65,0.8606644,0
DB00962,0.15115762,42,0.86087066,3
DB00575,0.15093397,76,0.86128205,0
DB00593,0.15093267,68,0.86128443,0
DB00880,0.15047295,101,0.8621282,0
DB00953,0.15044859,50,0.86217284,3
DB00356,0.15039256,32,0.8622755,2
DB01432,0.15029132,35,0.8624608,3
DB06767,0.1501285,41,0.86275864,1
DB09070,0.1499674,14,0.863053,1
DB09555,0.14974476,58,0.86345935,2
DB00620,0.14964537,66,0.86364055,0
DB00656,0.14963448,105,0.8636604,0
DB01337,0.14956635,55,0.86378455,3
DB00232,0.14952925,79,0.8638521,2
DB04845,0.14860721,51,0.86552596,1
DB00449,0.14837274,78,0.86595,0
DB00069,0.14836153,7,0.86597025,2
DB00521,0.14834724,53,0.86599606,0
DB09027,0.14829612,74,0.8660884,1
DB01083,0.14826837,57,0.86613846,3
DB00492,0.14813097,68,0.8663865,0
DB08931,0.14789781,73,0.86680675,1
DB00282,0.14783347,50,0.8669226,2
DB01115,0.14776044,104,0.8670541,3
DB00166,0.14773983,45,0.8670912,2
DB00743,0.14769144,7,0.8671782,0
DB01247,0.14764914,130,0.8672543,3
DB01340,0.14762597,63,0.867296,3
DB00255,0.147485,4,0.86754924,2
DB00635,0.14745572,97,0.8676019,0
DB01604,0.14725274,17,0.8679661,1
DB09009,0.14723732,63,0.8679938,1
DB00989,0.14711782,73,0.86820793,3
DB01261,0.14691989,46,0.86856234,3
DB01399,0.14690024,40,0.8685975,3
DB00987,0.14649145,12,0.8693278,3
DB00013,0.14648287,71,0.8693431,2
DB00722,0.1464506,63,0.8694007,0
DB00919,0.14632873,67,0.86961794,0
DB00309,0.14630233,43,0.86966497,2
DB01139,0.14626573,3,0.8697302,3
DB08868,0.14612994,52,0.86997193,1
DB00451,0.14612676,30,0.8699776,0
DB00841,0.14610437,77,0.87001747,0
DB09547,0.14593603,64,0.8703168,2
DB00787,0.14578085,4,0.8705925,0
DB01210,0.14552873,42,0.8710397,3
DB00746,0.14500184,2,0.8719718,0
DB09292,0.14499907,12,0.8719767,2
DB06186,0.14479764,2,0.8723321,1
DB06589,0.14452372,127,0.87281466,1
DB09291,0.14450444,63,0.87284863,2
DB06210,0.14447409,45,0.87290204,1
DB04841,0.14439449,83,0.87304205,1
DB08932,0.1443556,48,0.8731104,1
DB01106,0.14421467,46,0.8733581,3
DB01086,0.14398935,4,0.8737535,3
DB08864,0.14396161,67,0.8738021,1
DB06590,0.14367217,5,0.87430906,1
DB01030,0.14366907,66,0.8743145,3
DB01176,0.14341292,57,0.8747623,3
DB00584,0.14331718,63,0.8749294,0
DB04825,0.14330205,51,0.87495583,1
DB00283,0.14321797,62,0.8751025,2
DB11354,0.1432033,37,0.8751281,2
DB01182,0.14278935,105,0.875849,3
DB00637,0.14231761,21,0.876668,0
DB00009,0.14200406,81,0.8772108,2
DB00867,0.1419251,59,0.8773473,0
DB06209,0.14141354,62,0.8782299,1
DB00993,0.14109796,32,0.8787728,3
DB00796,0.14077726,47,0.87932324,0
DB00530,0.14070213,66,0.879452,0
DB00982,0.14046893,8,0.8798513,3
DB00889,0.14045091,67,0.8798821,0
DB00999,0.14033201,102,0.88008535,3
DB00351,0.14025564,41,0.8802159,2
DB00849,0.14013366,2,0.88042414,0
DB00706,0.14013192,80,0.8804271,0
DB00641,0.14006221,87,0.88054603,0
DB08816,0.13995002,92,0.8807373,1
DB00572,0.13988799,38,0.880843,0
DB06203,0.13963033,125,0.88128155,1
DB00764,0.13938084,10,0.8817054,0
DB00412,0.13895151,48,0.88243306,2
DB00899,0.13889068,65,0.882536,0
DB00070,0.13886486,74,0.8825796,2
DB00246,0.13885957,134,0.88258857,2
DB00590,0.13883905,79,0.8826233,0
DB06791,0.13863803,42,0.88296294,1
DB00314,0.13861279,22,0.88300556,2
DB00998,0.13856666,48,0.8830834,3
DB01244,0.13855833,85,0.88309747,3
DB01618,0.13807431,71,0.8839128,1
DB09156,0.13801114,2,0.88401896,1
DB01053,0.13799208,17,0.884051,3
DB00073,0.1377808,89,0.8844058,2
DB09570,0.13766952,11,0.8845924,2
DB00328,0.13740847,97,0.8850297,2
DB00241,0.13740033,82,0.8850433,2
DB00951,0.1373678,65,0.88509774,3
DB00907,0.13712658,72,0.8855009,0
DB01197,0.13701761,76,0.8856828,3
DB06282,0.13685413,57,0.88595545,1
DB00496,0.13672796,60,0.8861656,0
DB00784,0.13667558,95,0.8862529,0
DB00455,0.13661997,65,0.8863454,0
DB01207,0.13641183,71,0.88669145,3
DB04920,0.13631898,41,0.88684565,1
DB00456,0.13596262,3,0.88743645,0
DB00788,0.1359183,95,0.8875098,0
DB00311,0.13590422,55,0.8875331,2
DB00627,0.13583629,32,0.88764554,0
DB08795,0.13578479,17,0.8877307,1
DB00591,0.13548584,5,0.88822454,0
DB00681,0.1354146,37,0.888342,0
DB01328,0.13520335,3,0.8886902,3
DB01156,0.13520175,75,0.8886928,3
DB01132,0.13514008,42,0.8887943,3
DB01406,0.13499509,45,0.88903284,3
DB06659,0.13491206,2,0.8891693,1
DB00610,0.13483581,59,0.8892945,0
DB06822,0.13481846,61,0.889323,1
DB01222,0.13481334,68,0.8893314,3
DB09274,0.13472138,12,0.8894823,2
DB09082,0.13472083,46,0.8894832,1
DB01440,0.13468823,44,0.88953674,3
DB00555,0.13464683,103,0.8896046,0
DB00674,0.13456312,65,0.88974184,0
DB00427,0.13448964,103,0.8898622,0
DB00742,0.13442802,43,0.8899631,0
DB00398,0.13435732,66,0.89007884,2
DB06414,0.13427128,90,0.89021957,1
DB00173,0.13420695,1,0.8903247,2
DB01205,0.13374151,4,0.89108413,3
DB00918,0.13369636,67,0.8911577,0
DB01095,0.13337548,42,0.8916795,3
DB01256,0.13332583,18,0.8917601,3
DB11126,0.13316718,34,0.8920176,2
DB00624,0.1330631,65,0.8921863,0
DB01011,0.13292801,8,0.8924051,3
DB09330,0.13277149,29,0.89265835,2
DB08811,0.13256477,11,0.8929923,1
DB00258,0.13252242,50,0.8930607,2
DB08916,0.13227807,55,0.8934547,1
DB08930,0.13209248,34,0.89375347,1
DB01158,0.13201346,60,0.89388055,3
DB00083,0.13200386,103,0.893896,2
DB01172,0.13198338,93,0.8939289,3
DB01296,0.13193616,46,0.89400476,3
DB04831,0.13190304,23,0.894058,1
DB00342,0.13176844,24,0.8942741,2
DB00293,0.13167724,5,0.8944204,2
DB00994,0.13106583,98,0.89539856,3
DB00843,0.13100162,56,0.895501,0
DB00662,0.13096738,24,0.8955557,0
DB00767,0.13082698,71,0.8957795,0
DB01259,0.13075007,80,0.895902,3
DB00531,0.13066548,50,0.8960366,0
DB08872,0.13037626,30,0.89649636,1
DB00554,0.13028729,104,0.89663756,0
DB00988,0.13020329,86,0.8967708,3
DB01251,0.13018775,112,0.89679545,3
DB00928,0.13015516,11,0.89684707,0
DB05109,0.1301222,78,0.89689934,1
DB00279,0.13011931,50,0.89690393,2
DB00019,0.13011652,1,0.89690834,2
DB00087,0.1301055,12,0.8969258,2
DB00893,0.13008232,54,0.8969625,0
DB00448,0.12984289,57,0.8973415,0
DB00404,0.12983838,87,0.89734864,2
DB00588,0.12969708,77,0.8975719,0
DB01080,0.12957565,36,0.8977636,3
DB06415,0.12943734,8,0.89798176,1
DB01111,0.12943475,24,0.8979858,3
DB00500,0.12923536,95,0.89829993,0
DB00429,0.12916061,2,0.89841753,0
DB04908,0.1291171,141,0.89848596,1
DB01070,0.12900847,34,0.89865667,3
DB00163,0.12893036,75,0.8987794,2
DB00707,0.1288977,76,0.89883065,0
DB00754,0.12883423,36,0.89893025,0
DB00402,0.12858108,56,0.89932704,2
DB05676,0.1282659,18,0.89981997,1
DB06708,0.1282605,38,0.89982843,1
DB00423,0.12805527,32,0.90014875,0
DB09401,0.12802435,52,0.90019697,2
DB09235,0.12798351,1,0.9002606,2
DB00323,0.12775801,49,0.90061176,2
DB08813,0.12775162,61,0.9006217,1
DB01281,0.12769245,21,0.90071374,3
DB01047,0.12721075,5,0.9014614,3
DB00611,0.12716705,78,0.90152913,0
DB04843,0.1270952,23,0.90164036,1
DB00895,0.12686256,28,0.9020001,0
DB01063,0.12633012,71,0.902821,3
DB04951,0.1261859,15,0.90304273,1
DB00409,0.12611377,71,0.90315354,2
DB09303,0.12599498,1,0.9033359,2
DB00437,0.12573609,44,0.9037328,0
DB00188,0.12571432,125,0.9037661,2
DB00230,0.12559305,48,0.90395164,2
DB01178,0.12556878,81,0.9039888,3
DB01143,0.1253966,75,0.90425193,3
DB00570,0.12527303,58,0.9044405,0
DB08900,0.12519705,26,0.9045564,1
DB00565,0.1250677,52,0.9047535,0
DB00341,0.1247539,62,0.9052309,2
DB09077,0.12471885,26,0.9052841,1
DB09097,0.1246757,46,0.9053496,1
DB09295,0.12446903,23,0.9056632,2
DB11057,0.124400645,8,0.9057668,2
DB00301,0.124123536,18,0.90618616,2
DB04865,0.12403661,39,0.90631753,1
DB01220,0.123998314,44,0.90637535,3
DB06808,0.12395298,71,0.9064438,1
DB01162,0.12390526,54,0.90651584,3
DB08918,0.123808816,126,0.9066613,1
DB06789,0.12367161,63,0.90686804,1
DB09301,0.12358556,1,0.9069976,2
DB00738,0.12357143,48,0.9070189,0
DB00608,0.123499915,84,0.9071264,0
DB00642,0.12346956,31,0.90717214,0
DB00460,0.12344527,76,0.9072086,0
DB00835,0.12321124,63,0.9075601,0
DB09043,0.12316466,16,0.90763,1
DB06690,0.123144455,30,0.9076603,1
DB09285,0.12312904,20,0.90768343,2
DB00360,0.12311422,7,0.90770566,2
DB01333,0.12302872,3,0.9078338,3
DB01282,0.12290367,3,0.9080211,3
DB08870,0.122740425,77,0.90826523,1
DB00197,0.12266005,13,0.90838534,2
DB00165,0.12261918,14,0.9084464,2
DB06795,0.122610986,5,0.9084586,1
DB00633,0.12250464,30,0.9086174,0
DB08914,0.12244547,112,0.9087056,1
DB01024,0.122385,75,0.9087958,3
DB00842,0.122131035,38,0.9091739,0
DB04905,0.1221283,76,0.90917796,1
DB00980,0.12197189,68,0.9094105,3
DB06663,0.12166421,47,0.90986687,1
DB00613,0.12160749,59,0.9099509,0
DB06268,0.12160209,3,0.9099589,1
DB00508,0.121378,71,0.9102905,0
DB01103,0.12135306,3,0.9103273,3
DB08879,0.12117433,47,0.91059124,1
DB00396,0.12105313,78,0.91077006,2
DB00760,0.121011175,3,0.91083187,0
DB01015,0.120938085,56,0.9109396,3
DB00967,0.12090457,62,0.9109889,3
DB09046,0.12088048,24,0.9110244,1
DB01058,0.120775774,36,0.91117847,3
DB00353,0.120381765,7,0.91175705,2
DB04842,0.12015255,71,0.91209275,1
DB00107,0.11991438,8,0.9124409,2
DB01073,0.1198642,13,0.9125142,3
DB00952,0.11982897,48,0.9125656,3
DB09029,0.11947645,10,0.91307926,1
DB01400,0.1193002,8,0.91333556,3
DB01036,0.1192578,74,0.91339713,3
DB00933,0.11923725,71,0.913427,3
DB01214,0.118808575,42,0.9140483,3
DB01029,0.11880186,53,0.9140581,3
DB01330,0.1187499,18,0.9141332,3
DB00795,0.11866126,3,0.91426134,0
DB00213,0.118585266,76,0.91437113,2
DB00410,0.11858496,1,0.9143716,2
DB01390,0.118430495,51,0.91459453,3
DB00823,0.11822106,64,0.9148963,0
DB09477,0.11792647,63,0.9153199,2
DB01183,0.117850594,2,0.9154289,3
DB06706,0.11783409,55,0.91545254,1
DB09079,0.11783077,48,0.9154573,1
DB01054,0.117630586,52,0.9157443,3
DB00748,0.1174283,57,0.91603386,0
DB01144,0.11733151,54,0.9161722,3
DB09112,0.11732343,26,0.91618377,1
DB00006,0.117168926,52,0.91640437,2
DB01117,0.11710778,11,0.9164916,3
DB00275,0.11698987,49,0.91665965,2
DB00068,0.11667311,2,0.9171104,2
DB06754,0.11654123,49,0.91729766,1
DB00749,0.1164723,95,0.9173955,0
DB01085,0.116392955,3,0.91750795,3
DB01583,0.116281286,15,0.9176662,3
DB00753,0.11619003,52,0.91779536,0
DB00759,0.11610412,52,0.9179169,0
DB06707,0.11584165,47,0.9182876,1
DB00723,0.115795866,59,0.9183521,0
DB00836,0.11579289,6,0.91835636,0
DB08903,0.115785465,49,0.9183668,1
DB01071,0.11559114,44,0.9186406,3
DB01101,0.115561746,29,0.918682,3
DB01270,0.11534944,1,0.9189805,3
DB06441,0.1151856,43,0.9192105,1
DB00660,0.114772044,30,0.91978955,0
DB00854,0.11477026,61,0.91979206,0
DB00838,0.114762396,5,0.919803,0
DB01606,0.11466909,2,0.9199334,1
DB00677,0.11459679,61,0.92003435,0
DB00376,0.11450651,23,0.9201603,2
DB11110,0.114480965,32,0.92019594,2
DB11095,0.11444324,49,0.9202485,2
DB00861,0.114247285,95,0.9205214,0
DB00595,0.11403493,52,0.92081654,0
DB00846,0.113833606,5,0.9210959,0
DB00851,0.113704994,26,0.92127407,0
DB01049,0.11348397,74,0.92157984,3
DB09099,0.11331395,6,0.9218146,1
DB04572,0.113301605,13,0.92183167,1
DB01556,0.1132774,59,0.9218651,3
DB00545,0.11320783,9,0.921961,0
DB01265,0.1130694,3,0.92215174,3
DB06176,0.11303001,30,0.922206,1
DB00397,0.11283036,59,0.9224806,2
DB06655,0.112697236,22,0.9226634,1
DB00876,0.1125489,46,0.9228668,0
DB00737,0.11246937,57,0.9229758,0
DB01042,0.11240395,14,0.92306536,3
DB00158,0.112127595,6,0.9234432,2
DB00603,0.11209614,109,0.9234862,0
DB00459,0.11202572,12,0.92358226,0
DB11093,0.11183501,34,0.92384225,2
DB00352,0.111800335,14,0.92388946,2
DB00411,0.11178608,27,0.9239088,2
DB01177,0.111662254,20,0.92407733,3
DB00857,0.11155014,34,0.92422974,0
DB09080,0.111532435,53,0.92425376,1
DB00512,0.11151149,45,0.9242822,0
DB00136,0.111424685,60,0.92440003,2
DB01218,0.1114167,30,0.9244109,3
DB09101,0.11125926,32,0.9246244,1
DB00837,0.11121458,2,0.9246849,0
DB01204,0.11109736,21,0.92484355,3
DB06144,0.11088387,71,0.92513216,1
DB00585,0.110495895,28,0.9256551,0
DB01427,0.11018976,51,0.9260665,3
DB01260,0.11008499,1,0.92620707,3
DB06788,0.109943755,29,0.92639625,1
DB09517,0.10918738,2,0.92740554,2
DB01575,0.10915881,5,0.9274435,3
DB00833,0.10905776,17,0.9275778,0
DB01591,0.10897753,55,0.9276843,3
DB10675,0.10897217,13,0.9276914,2
DB00818,0.10866407,47,0.9280997,0
DB00917,0.10864922,2,0.92811936,0
DB00732,0.10860926,75,0.92817223,0
DB06817,0.108233765,29,0.928668,1
DB06782,0.10788153,6,0.92913157,1
DB06698,0.1077291,39,0.9293317,1
DB00692,0.10770999,40,0.92935675,0
DB00544,0.10763419,31,0.9294562,0
DB00958,0.107302584,27,0.92989016,3
DB06714,0.10729966,41,0.929894,1
DB00678,0.10723718,71,0.92997557,0
DB00126,0.107219696,24,0.9299984,2
DB06826,0.10693124,21,0.93037456,1
DB01613,0.10677242,6,0.9305812,1
DB01489,0.106464274,11,0.93098134,3
DB00086,0.10638891,71,0.93107903,2
DB01159,0.10608631,2,0.9314705,3
DB00415,0.105767794,25,0.9318814,2
DB09131,0.10555462,1,0.9321557,1
DB01098,0.10531265,43,0.93246645,3
DB08875,0.1052853,50,0.9325015,1
DB08871,0.1050305,7,0.93282783,1
DB00658,0.10481061,14,0.9331088,0
DB00802,0.10479245,93,0.93313193,0
DB01274,0.10453607,49,0.93345875,3
DB05246,0.104209326,39,0.9338741,1
DB00120,0.103953384,14,0.9341985,2
DB06697,0.103733115,38,0.93447703,1
DB01364,0.103605986,53,0.93463755,3
DB00063,0.10320927,41,0.93513715,2
DB03128,0.10304642,26,0.93534166,1
DB00905,0.10304457,2,0.935344,0
DB09061,0.103004865,10,0.9353938,1
DB09288,0.1029344,23,0.9354822,2
DB00549,0.102882676,23,0.935547,0
DB00300,0.10277492,48,0.93568194,2
DB01112,0.10267825,25,0.9358029,3
DB01298,0.102636255,1,0.9358554,3
DB00480,0.102381505,27,0.9361734,0
DB06701,0.10232939,72,0.93623835,1
DB11249,0.10222326,61,0.93637055,2
DB00900,0.10196149,27,0.936696,0
DB01129,0.101788506,48,0.9369106,3
DB09033,0.10178646,18,0.9369132,1
DB00028,0.10164689,2,0.93708605,2
DB01221,0.10161099,54,0.9371305,3
DB00621,0.101206414,64,0.9376302,0
DB01397,0.10120232,70,0.9376352,3
DB00491,0.10116351,15,0.937683,0
DB00494,0.10061713,41,0.9383543,0
DB04570,0.10045907,3,0.93854785,1
DB01407,0.100441515,59,0.93856937,3
DB00250,0.10043719,70,0.9385746,2
DB03615,0.10025357,67,0.938799,1
DB01208,0.10017673,106,0.9388928,3
DB08947,0.1001477,2,0.9389282,1
DB00488,0.09997202,28,0.9391423,0
DB00338,0.09992336,65,0.93920153,2
DB00302,0.09991539,9,0.93921125,2
DB00779,0.09975567,2,0.93940544,0
DB04574,0.0994284,69,0.93980235,1
DB00567,0.099390075,9,0.9398487,0
DB00245,0.09936944,24,0.9398737,2
DB01414,0.09920202,3,0.9400762,3
DB00169,0.09909214,14,0.94020885,2
DB00184,0.09909133,17,0.9402098,2
DB00008,0.09874405,11,0.9406282,2
DB00990,0.098456115,25,0.9409739,3
DB08860,0.09824273,35,0.94122946,1
DB00683,0.09820349,81,0.94127643,0
DB02659,0.09812489,10,0.94137037,1
DB00443,0.098105706,65,0.9413933,0
DB00016,0.09804598,3,0.94146466,2
DB01022,0.097626284,8,0.9419647,3
DB00100,0.09760081,1,0.94199497,2
DB01099,0.09757522,5,0.9420254,3
DB00276,0.097475015,11,0.9421444,2
DB09167,0.09731393,8,0.9423355,1
DB00822,0.097094804,27,0.9425949,0
DB00669,0.09698885,49,0.9427201,0
DB04918,0.09694022,3,0.9427775,1
DB09038,0.096661925,31,0.9431056,1
DB00539,0.09627467,53,0.94356054,0
DB01582,0.09625027,1,0.94358915,3
DB08992,0.0961685,1,0.94368494,1
DB00099,0.0959706,3,0.9439165,2
DB09064,0.09588617,11,0.94401515,1
DB00234,0.09570673,1,0.9442245,2
DB01294,0.09557428,46,0.94437873,3
DB00961,0.095501944,56,0.9444629,3
DB00536,0.095441885,3,0.94453275,0
DB00829,0.0951508,71,0.9448706,0
DB00257,0.09501147,11,0.9450319,2
DB01010,0.09466927,9,0.9454271,3
DB00218,0.09454367,29,0.94557184,2
DB00110,0.09452595,1,0.9455922,2
DB00407,0.094475254,35,0.9456506,2
DB01413,0.094416715,9,0.94571793,3
DB00937,0.09435028,42,0.9457943,3
DB01164,0.09432508,30,0.94582325,3
DB00925,0.094235435,40,0.9459262,0
DB00424,0.09413838,28,0.94603753,0
DB08869,0.093883604,2,0.9463292,1
DB05294,0.093636654,45,0.94661117,1
DB01113,0.093611546,14,0.9466398,3
DB00262,0.093601495,14,0.9466512,2
DB01000,0.093465775,17,0.94680583,3
DB05351,0.093009405,1,0.94732404,1
DB01035,0.09283576,28,0.94752055,3
DB00499,0.09283576,40,0.94752055,0
DB00888,0.09276921,11,0.9475958,0
DB00877,0.092714705,88,0.94765735,0
DB01002,0.09236361,18,0.948053,3
DB05528,0.09205285,13,0.948402,1
DB01202,0.09198671,33,0.9484761,3
DB00288,0.09187428,5,0.94860196,2
DB00773,0.091859676,52,0.9486183,0
DB00984,0.09178564,3,0.9487011,3
DB00968,0.09175248,55,0.94873816,3
DB11080,0.09168846,1,0.9488097,2
DB09227,0.09130394,22,0.9492381,2
DB00519,0.09120804,63,0.9493447,0
DB05278,0.09118224,43,0.94937336,1
DB00198,0.090700425,1,0.94990695,2
DB08824,0.0904948,32,0.95013386,1
DB01597,0.09036993,4,0.95027137,3
DB00345,0.09035245,1,0.9502906,2
DB00696,0.09013465,79,0.95052993,0
DB00523,0.09003869,22,0.95063525,0
DB00260,0.089997776,4,0.9506801,2
DB01007,0.08988313,3,0.95080566,3
DB06729,0.08981855,1,0.95087636,1
DB01280,0.08961677,12,0.95109683,3
DB00965,0.08900548,1,0.95176166,3
DB04835,0.08871967,50,0.952071,1
DB00223,0.08870442,5,0.95208746,2
DB00209,0.08864906,25,0.95214725,2
DB00438,0.08852822,17,0.9522776,0
DB06206,0.08848039,22,0.95232916,1
DB00671,0.08846202,16,0.95234895,0
DB01004,0.08822884,13,0.9525998,3
DB00618,0.08820906,42,0.9526211,0
DB01410,0.08819032,1,0.95264125,3
DB09052,0.08783963,11,0.9530171,1
DB09236,0.087832876,3,0.9530243,2
DB00547,0.08780891,5,0.95304996,0
DB00361,0.08757504,44,0.95329976,2
DB01033,0.087351546,21,0.9535378,3
DB01012,0.08730465,47,0.95358765,3
DB09276,0.08721507,12,0.95368284,2
DB02546,0.086822666,32,0.9540987,1
DB06372,0.08664477,18,0.95428663,1
DB01148,0.08662903,23,0.9543032,3
DB00121,0.08648488,36,0.9544552,2
DB00964,0.08646927,26,0.9544716,3
DB00485,0.086338766,24,0.9546089,0
DB09539,0.086179286,16,0.95477647,2
DB09066,0.08608691,6,0.9548734,1
DB00747,0.08604997,52,0.95491207,0
DB00395,0.08563766,38,0.9553431,2
DB01381,0.08540529,9,0.9555851,3
DB00599,0.08530733,13,0.955687,0
DB00879,0.085086614,3,0.955916,0
DB00960,0.08482792,72,0.9561836,3
DB00704,0.084683,20,0.9563332,0
DB00986,0.08464266,35,0.9563748,3
DB00690,0.08453994,63,0.9564806,0
DB01185,0.08453743,5,0.95648324,3
DB00528,0.08447033,66,0.95655227,0
DB06777,0.0844425,10,0.9565809,1
DB06730,0.08443278,17,0.9565909,1
DB00056,0.084286205,12,0.95674145,2
DB06403,0.08416338,1,0.95686746,1
DB01329,0.08396817,3,0.9570673,3
DB00847,0.083878696,15,0.95715874,0
DB00578,0.083845526,17,0.95719266,0
DB01501,0.08378526,14,0.9572542,3
DB00515,0.08364747,34,0.95739466,0
DB06145,0.083572,30,0.9574715,1
DB06366,0.08347225,1,0.95757294,1
DB01603,0.083458535,17,0.9575869,1
DB09208,0.08342617,11,0.9576198,1
DB00319,0.08319411,28,0.9578552,2
DB00112,0.08311871,18,0.9579316,2
DB08822,0.08306449,46,0.9579865,1
DB01411,0.08299406,18,0.95805764,3
DB00444,0.08256664,51,0.9584885,0
DB00640,0.0824981,8,0.9585574,0
DB01043,0.0824622,14,0.9585935,3
DB00435,0.08239902,26,0.9586569,0
DB01064,0.08200287,62,0.9590535,3
DB06792,0.0819772,8,0.95907915,1
DB09166,0.0818606,19,0.95919544,1
DB01593,0.08161943,8,0.9594355,3
DB09286,0.08160591,6,0.959449,2
DB06527,0.08148313,2,0.9595709,1
DB00290,0.08146126,15,0.9595926,2
DB01046,0.08145571,1,0.9595981,3
DB01408,0.08141569,1,0.9596378,3
DB00774,0.081309654,23,0.95974284,0
DB00728,0.08118663,52,0.9598646,0
DB06168,0.08106598,20,0.95998377,1
DB01060,0.080796525,21,0.96024936,3
DB01126,0.08078682,18,0.9602589,3
DB00766,0.08056608,14,0.9604758,0
DB09262,0.08042895,19,0.9606102,2
DB05773,0.080316,43,0.9607208,1
DB06813,0.0802874,40,0.96074873,1
DB01212,0.08018831,19,0.9608456,3
DB01081,0.080125734,14,0.9609067,3
DB01416,0.08000714,25,0.9610223,3
DB05266,0.07991166,1,0.9611153,1
DB00782,0.07990883,25,0.96111804,0
DB00349,0.079815336,70,0.96120894,2
DB01586,0.07969246,12,0.9613283,3
DB01594,0.07967849,11,0.96134186,3
DB01169,0.0795519,30,0.96146464,3
DB00085,0.07949364,1,0.961521,2
DB01155,0.0793449,27,0.9616649,3
DB00018,0.07925407,7,0.9617526,2
DB00602,0.07897787,10,0.9620187,0
DB09057,0.07874331,10,0.96224403,1
DB11248,0.0787357,8,0.9622513,2
DB06626,0.07873078,55,0.962256,1
DB01138,0.07866311,4,0.96232086,3
DB00739,0.07844974,17,0.962525,0
DB00771,0.07842368,23,0.96254987,0
DB00969,0.078318186,29,0.9626506,3
DB01567,0.078156464,11,0.9628047,3
DB09323,0.07803354,7,0.96292156,2
DB01627,0.077836014,12,0.9631091,1
DB00005,0.07762196,20,0.9633117,2
DB00581,0.07761622,1,0.9633171,0
DB00399,0.07732189,20,0.9635948,2
DB08889,0.07682274,7,0.9640633,1
DB04348,0.07679335,2,0.96409076,1
DB01039,0.07672037,30,0.964159,3
DB00417,0.07670813,17,0.96417046,2
DB09183,0.07645122,1,0.96441007,1
DB10829,0.07641356,11,0.9644451,2
DB11315,0.07617438,24,0.9646673,2
DB00406,0.076065764,1,0.964768,2
DB04711,0.07606018,2,0.9647732,1
DB00235,0.07580795,1,0.9650064,2
DB00776,0.075783215,36,0.96502924,0
DB01150,0.075751215,16,0.9650588,3
DB00238,0.07566229,49,0.96514076,2
DB09269,0.07551592,1,0.9652755,2
DB00305,0.07541508,20,0.9653682,2
DB01248,0.07538832,45,0.96539277,3
DB00190,0.075265795,15,0.9655052,2
DB05239,0.0752567,20,0.9655135,1
DB00966,0.075234056,48,0.96553427,3
DB09310,0.07522905,1,0.96553886,2
DB00639,0.07509656,1,0.9656601,0
DB00750,0.074943185,28,0.9658002,0
DB09256,0.07484638,16,0.96588856,2
DB09302,0.07481752,1,0.96591485,2
DB01165,0.07477671,41,0.96595204,3
DB06719,0.07460373,29,0.96610934,1
DB01612,0.074399486,23,0.96629465,1
DB00529,0.0743692,27,0.9663221,0
DB01605,0.07435604,17,0.96633404,1
DB00012,0.07428421,3,0.966399,2
DB01110,0.07418136,11,0.966492,3
DB00804,0.07407434,23,0.9665886,0
DB00244,0.07394243,19,0.9667075,2
DB09545,0.07381271,15,0.96682423,2
DB01217,0.07381003,7,0.9668266,3
DB09275,0.07373055,10,0.966898,2
DB09153,0.07368151,2,0.9669421,1
DB01059,0.07362896,31,0.9669892,3
DB00271,0.07356526,1,0.9670463,2
DB02300,0.0734276,3,0.9671695,1
DB01332,0.07342381,3,0.9671729,3
DB09020,0.07340603,5,0.9671888,1
DB00963,0.07330506,1,0.967279,3
DB09322,0.07326439,8,0.9673153,2
DB01001,0.073036164,49,0.9675186,3
DB00896,0.07299495,6,0.9675553,0
DB00720,0.07243049,24,0.9680551,0
DB01048,0.07241052,14,0.9680727,3
DB00074,0.07238679,10,0.96809363,2
DB09564,0.07218481,43,0.96827143,2
DB00233,0.07198211,40,0.9684494,2
DB06401,0.07174305,7,0.9686586,1
DB04837,0.07171408,16,0.9686839,1
DB00170,0.07163425,3,0.9687536,2
DB06404,0.07156311,23,0.9688156,1
DB01275,0.071521975,53,0.96885145,3
DB00428,0.07141643,11,0.96894336,0
DB11135,0.07123083,2,0.9691045,2
DB11256,0.07119664,5,0.9691342,2
DB06699,0.070781715,6,0.9694929,1
DB09255,0.07077939,1,0.96949494,2
DB00059,0.07049513,10,0.96973944,2
DB06786,0.07044298,5,0.9697842,1
DB00481,0.07014154,5,0.9700422,0
DB00718,0.07012844,3,0.97005343,0
DB06196,0.07012602,12,0.9700555,1
DB00267,0.0699976,9,0.9701651,2
DB06681,0.06998975,10,0.97017175,1
DB00520,0.06992882,8,0.97022367,0
DB00378,0.06968848,17,0.970428,2
DB01190,0.06964252,11,0.970467,3
DB00763,0.06945528,12,0.9706256,0
DB00631,0.069432445,11,0.9706449,0
DB00698,0.069115825,10,0.97091204,0
DB01339,0.06900473,55,0.97100544,3
DB00801,0.068751715,11,0.9712177,0
DB08439,0.06839087,28,0.971519,1
DB09069,0.06838425,1,0.97152454,1
DB00105,0.06807372,1,0.97178257,2
DB09067,0.06791601,32,0.97191316,1
DB06790,0.06746118,1,0.9722881,1
DB08909,0.06740888,13,0.97233105,1
DB00769,0.067285575,5,0.97243214,0
DB09209,0.06721742,9,0.972488,1
DB00364,0.06712902,34,0.9725603,2
DB00394,0.06694651,5,0.9727093,2
DB01189,0.06690223,44,0.9727454,3
DB04854,0.066719435,6,0.97289413,1
DB00493,0.066626176,16,0.97296983,0
DB06402,0.06654941,9,0.9730321,1
DB00981,0.066383116,8,0.9731667,3
DB00242,0.0663647,11,0.9731816,2
DB09045,0.06602706,16,0.97345376,1
DB00287,0.065885715,1,0.9735673,2
DB09096,0.065867476,1,0.97358197,1
DB00098,0.06586289,9,0.9735856,2
DB01013,0.06542508,5,0.9739356,3
DB10631,0.06527146,2,0.9740579,2
DB00261,0.064817876,51,0.9744172,2
DB09407,0.06480719,30,0.9744256,2
DB09078,0.06476823,8,0.97445637,1
DB00330,0.06438709,1,0.9747561,2
DB00478,0.06435927,2,0.97477794,0
DB00308,0.064272635,10,0.97484577,2
DB00405,0.063989595,16,0.97506684,2
DB09279,0.06395656,3,0.9750926,2
DB02701,0.063916504,7,0.97512376,1
DB00526,0.06382826,15,0.9751924,0
DB06715,0.06382793,13,0.97519267,1
DB04339,0.0638243,14,0.97519547,1
DB09134,0.0637874,2,0.97522414,1
DB01194,0.06358539,22,0.97538084,3
DB00089,0.063570656,38,0.9753922,2
DB09265,0.06353643,2,0.97541875,2
DB06219,0.06352081,1,0.97543085,1
DB00380,0.063497745,4,0.97544867,2
DB01127,0.063301966,3,0.9755998,3
DB00296,0.063258,11,0.9756337,2
DB01544,0.06319085,11,0.9756854,3
DB01326,0.06315162,3,0.9757156,3
DB08874,0.06314119,2,0.9757236,1
DB09060,0.06296151,14,0.97586155,1
DB05259,0.06282143,9,0.97596884,1
DB00291,0.06270179,11,0.97606033,2
DB00130,0.062666796,1,0.97608703,2
DB00442,0.06251574,2,0.9762022,0
DB01062,0.062344328,44,0.9763325,3
DB04982,0.062142372,2,0.9764856,1
DB00347,0.062088072,2,0.9765267,2
DB01066,0.06204005,18,0.976563,3
DB00755,0.061742246,28,0.9767874,0
DB00915,0.061578937,17,0.97691005,0
DB06410,0.06149599,9,0.9769722,1
DB06781,0.06128502,6,0.97712994,1
DB06802,0.061284825,1,0.97713006,1
DB09147,0.061172698,1,0.9772137,1
DB09210,0.060647205,4,0.9776035,1
DB01438,0.060519353,4,0.97769785,3
DB09056,0.060411762,1,0.97777706,1
DB01602,0.060341507,17,0.9778287,3
DB01610,0.060298834,5,0.97786003,1
DB01563,0.060115974,3,0.97799414,3
DB01093,0.060052942,2,0.9780403,3
DB06292,0.059869185,30,0.97817445,1
DB01147,0.059837442,20,0.9781976,3
DB09320,0.059806887,7,0.97821987,2
DB08826,0.05973636,22,0.9782712,1
DB00724,0.05950007,9,0.9784427,0
DB00471,0.059408367,4,0.9785091,0
DB01607,0.05902929,25,0.97878253,1
DB08904,0.05896388,24,0.9788295,1
DB00115,0.058936827,2,0.97884893,2
DB00518,0.05889107,4,0.9788818,0
DB00052,0.058870632,4,0.97889644,2
DB01003,0.058812417,1,0.97893816,3
DB00694,0.0588073,20,0.9789418,0
DB00048,0.058804784,15,0.9789436,2
DB09130,0.058799785,1,0.97894716,1
DB11181,0.058730856,24,0.9789965,2
DB00324,0.058699023,6,0.9790193,2
DB00060,0.058635227,2,0.9790649,2
DB00026,0.058426164,19,0.9792139,2
DB00970,0.058390368,11,0.97923934,3
DB04899,0.058373824,14,0.9792511,1
DB11122,0.05832889,1,0.97928303,2
DB00560,0.058285035,1,0.9793142,0
DB03754,0.058145136,1,0.9794134,1
DB00430,0.057985615,3,0.97952616,0
DB09059,0.057924908,18,0.979569,1
DB01130,0.05790526,5,0.97958285,3
DB06692,0.057890527,19,0.9795933,1
DB00654,0.05771092,2,0.9797197,0
DB09266,0.057659492,10,0.9797558,2
DB00210,0.05724989,2,0.9800424,2
DB01587,0.057128623,11,0.98012686,3
DB00948,0.057046577,17,0.9801839,3
DB01140,0.056790363,5,0.9803615,3
DB00665,0.05672756,8,0.9804049,0
DB00713,0.056701608,20,0.98042285,0
DB01249,0.056632157,2,0.9804708,3
DB11124,0.056626145,44,0.98047495,2
DB05245,0.056507573,2,0.9805566,1
DB09278,0.056310758,2,0.9806918,2
DB00441,0.056175865,14,0.98078424,0
DB00910,0.056175288,27,0.9807846,0
DB00626,0.05609498,7,0.9808395,0
DB08902,0.055985454,1,0.98091424,1
DB00577,0.05587021,5,0.98099273,0
DB01061,0.05583747,17,0.981015,3
DB01006,0.055508222,5,0.98123825,3
DB00400,0.055462148,29,0.98126936,2
DB00609,0.055449806,3,0.9812777,0
DB10532,0.05530268,9,0.98137695,2
DB09085,0.05508582,2,0.98152274,1
DB06800,0.054855492,4,0.9816769,1
DB01019,0.054839537,3,0.98168755,3
DB00445,0.05463416,16,0.98182446,0
DB06594,0.054554746,9,0.98187727,1
DB01592,0.054536756,12,0.9818892,3
DB00535,0.05451413,18,0.98190427,0
DB06825,0.054397196,29,0.9819818,1
DB00703,0.05437926,33,0.9819937,0
DB01163,0.054378793,17,0.981994,3
DB09222,0.05422565,4,0.98209524,2
DB01262,0.05402352,2,0.98222846,3
DB00596,0.05382861,5,0.9823565,0
DB00649,0.053779572,5,0.9823886,0
DB06769,0.053730737,14,0.98242056,1
DB08911,0.053372893,6,0.982654,1
DB01437,0.05334238,2,0.9826738,3
DB06710,0.0532636,5,0.9827249,1
DB01257,0.052708544,10,0.9830831,3
DB00923,0.052573096,3,0.9831699,0
DB01008,0.05252311,22,0.9832019,3
DB04571,0.0524813,2,0.9832287,1
DB00303,0.052472662,4,0.98323417,2
DB09122,0.05245827,2,0.98324335,1
DB09055,0.05238145,11,0.9832924,1
DB06819,0.05178602,7,0.9836701,1
DB00855,0.051594716,2,0.9837905,0
DB09107,0.05153491,3,0.98382807,1
DB00036,0.05143734,1,0.9838892,2
DB00550,0.05136035,9,0.98393744,0
DB00039,0.051328,6,0.98395765,2
DB06785,0.051326975,1,0.9839583,1
DB01145,0.051078912,1,0.984113,3
DB00229,0.05085796,3,0.9842501,2
DB08906,0.050632633,10,0.9843894,1
DB06799,0.050452795,27,0.9845001,1
DB01131,0.050442174,6,0.9845066,3
DB00389,0.050096802,6,0.9847181,2
DB09277,0.049749866,16,0.98492897,2
DB05578,0.049663465,2,0.9849813,1
DB08917,0.049553614,1,0.98504764,1
DB08819,0.049368676,1,0.98515904,1
DB01878,0.04934215,2,0.985175,1
DB09135,0.049230427,2,0.98524207,1
DB09257,0.04897589,4,0.98539424,2
DB00017,0.048932042,2,0.9854204,2
DB00392,0.048756514,1,0.98552483,2
DB06213,0.048724055,4,0.9855441,1
DB00979,0.048420466,23,0.9857237,3
DB00259,0.048270803,3,0.98581177,2
DB09391,0.048201934,1,0.98585224,2
DB01250,0.048113406,5,0.98590416,3
DB00551,0.047994476,1,0.9859738,0
DB09560,0.04770909,3,0.9861401,2
DB06820,0.047522854,2,0.9862481,1
DB00140,0.046932347,2,0.9865877,2
DB00650,0.04678353,9,0.98667264,0
DB01611,0.046534866,9,0.9868139,1
DB00781,0.046380263,12,0.9869014,0
DB06274,0.04628708,20,0.986954,1
DB00821,0.04611786,2,0.98704916,0
DB01057,0.045875497,1,0.98718494,3
DB00153,0.04581116,13,0.9872209,2
DB00757,0.04580985,14,0.9872216,0
DB00297,0.04579173,20,0.98723173,2
DB09221,0.045542873,2,0.98737013,1
DB01284,0.045470215,7,0.98741037,3
DB08887,0.045378428,16,0.98746115,1
DB01598,0.045374986,6,0.98746306,3
DB00832,0.04535105,2,0.9874763,0
DB06709,0.04522708,20,0.98754466,1
DB01277,0.045211803,31,0.98755306,3
DB01553,0.04488577,11,0.98773193,3
DB01273,0.04455223,15,0.9879136,3
DB01559,0.04425864,11,0.98807234,3
DB06764,0.044034835,9,0.9881927,1
DB00756,0.044022553,1,0.98819923,0
DB00240,0.043912604,5,0.9882581,2
DB00643,0.04388048,6,0.9882753,0
DB09294,0.043589864,6,0.9884301,2
DB00553,0.04347454,18,0.98849124,0
DB11222,0.043374684,1,0.98854405,2
DB01363,0.043326765,4,0.9885693,3
DB01005,0.043083504,13,0.98869735,3
DB00583,0.042963374,3,0.9887603,0
DB00150,0.04277505,17,0.9888586,2
DB00556,0.042750932,7,0.98887116,0
DB00730,0.042736378,5,0.9888787,0
DB06412,0.042537957,5,0.9889818,1
DB00513,0.042405844,4,0.9890501,0
DB01511,0.04191059,2,0.98930436,3
DB01595,0.041687176,42,0.9894181,3
DB00162,0.0416545,6,0.98943466,2
DB01369,0.041408107,1,0.9895593,3
DB09289,0.041094076,6,0.98971707,2
DB00911,0.04081214,2,0.9898577,0
DB00251,0.040787958,1,0.9898697,2
DB00770,0.040756904,4,0.9898851,0
DB01435,0.040747117,1,0.98989,3
DB06211,0.04071243,3,0.9899072,1
DB01206,0.040519457,12,0.99000263,3
DB06824,0.040438406,21,0.99004257,1
DB00023,0.04021143,1,0.990154,2
DB01327,0.04013695,7,0.9901905,3
DB00103,0.04007367,3,0.9902214,2
DB00973,0.040061247,10,0.99022746,3
DB04897,0.040035002,8,0.9902403,1
DB00355,0.039982382,1,0.9902659,2
DB01362,0.039647635,2,0.9904282,3
DB01436,0.039588805,15,0.9904566,3
DB00666,0.0395385,3,0.99048084,0
DB08886,0.03943822,1,0.99052906,1
DB00929,0.039419673,6,0.99053794,0
DB01708,0.03921358,3,0.99063665,1
DB00043,0.039052024,2,0.99071366,2
DB01344,0.039028868,15,0.9907246,3
DB01065,0.03898961,8,0.9907433,3
DB00200,0.038793195,1,0.9908363,2
DB00357,0.038711417,1,0.99087495,2
DB05015,0.038649544,4,0.9909041,1
DB06674,0.038375095,18,0.9910328,1
DB01161,0.038258534,2,0.9910872,3
DB00828,0.03820876,1,0.9911103,0
DB00122,0.038195834,1,0.99111634,2
DB00050,0.0379037,1,0.9912517,2
DB01269,0.037848722,2,0.9912771,3
DB00634,0.037107825,1,0.99161524,0
DB09050,0.037071034,2,0.99163187,1
DB01764,0.036705613,1,0.991796,1
DB00811,0.036505263,13,0.99188536,0
DB00740,0.03592833,3,0.9921398,0
DB00891,0.035761952,1,0.9922125,0
DB08941,0.035644744,14,0.99226344,1
DB00339,0.035171106,2,0.99246764,2
DB09146,0.03501361,6,0.99253494,1
DB00080,0.034966707,7,0.99255496,2
DB00146,0.034911778,5,0.9925783,2
DB00274,0.03451092,3,0.9927478,2
DB01331,0.034380622,16,0.99280244,3
DB00020,0.034319222,2,0.99282813,2
DB00869,0.0342953,4,0.9928381,0
DB07615,0.03393193,1,0.99298906,1
DB00033,0.03385656,3,0.9930202,2
DB00853,0.03380562,12,0.99304116,0
DB00552,0.033595156,15,0.9931275,0
DB09162,0.033488266,13,0.9931712,1
DB05829,0.033364248,2,0.9932217,1
DB09293,0.033015102,8,0.9933628,2
DB09113,0.032778915,8,0.99345744,1
DB01581,0.032553855,1,0.99354696,3
DB00721,0.032397915,1,0.99360865,0
DB00709,0.03198515,5,0.9937705,0
DB08898,0.03167055,1,0.99389243,1
DB06637,0.031634867,3,0.99390614,1
DB05679,0.030620214,11,0.9942908,1
DB09287,0.030506734,1,0.994333,2
DB04895,0.030285938,1,0.99441475,1
DB01196,0.029382363,14,0.99474305,3
DB00109,0.027494077,11,0.99539703,2
DB00061,0.027163554,2,0.99550706,2
DB00532,0.026293192,2,0.99579036,0
DB09058,0.025969608,4,0.99589336,1
DB08905,0.025841918,1,0.9959336,1
DB00369,0.025094781,1,0.99616534,2
DB09270,0.024699658,2,0.99628514,2
DB00205,0.024504336,17,0.9963437,2
DB09281,0.024384996,1,0.9963792,2
DB11156,0.022168893,1,0.9970074,2
